Question;Theme;Details
Frequency and Role in Hybrid Meetings;Limited Participation and Passive Role;- Rare participation in hybrid meetings, mainly when the entire team convenes.  - Mostly passive role involving listening rather than active participation.
Preparation for Hybrid Meetings;More Preparation for Hybrid Meetings;- Requires preparation for hybrid meetings, unlike casual in-office meetings where he goes unprepared.  - Prepares points and activities in advance, indicating a more formal approach.
Atmosphere and Flow of Hybrid Meetings;Calm and Organized Atmosphere;- Describes the atmosphere of hybrid meetings as calm.  - Structured communication between on-site and remote participants.
Engagement Differences;No Significant Engagement Differences;- Does not notice a difference in engagement between remote and on-site participants.  - Finds remote collaboration more comfortable.
Contributions of Remote Participants;Higher Contribution from Remote Participants;- Perceives remote participants to contribute more effectively.  - Cites fewer distractions and better focus in personal environments.
Perceptions and Biases;No Personal Biases, Some Cultural Differences;- Has not observed significant biases against remote participants.  - Notes cultural differences in work styles and communication clarity but doesn't view them as major issues.
Formation of Social Groups;Formation of In-Groups Among On-Site Participants;- Acknowledges the formation of social groups among co-located employees.  - Recognizes that this can affect team dynamics and perceptions of inclusivity.
Impact on Success;Positive Impact of Diverse Work Cultures;- Believes diverse work cultures within the team enhance overall success.  - Different perspectives contribute to better problem-solving.
Tools for Communication and Collaboration;Effective Use of Software and Hardware Tools;- Uses tools like Microsoft Teams, Outlook, and external microphones, finding them effective.  - Appreciates the seamless integration of Teams into the meeting environment.
Experience of Virtual vs. Physical Participation;Preference for Remote Participation;- Prefers virtual meetings due to comfort and focus.  - Feels more productive and engaged in a remote setting.
Challenges in Hybrid Meetings;No Significant Challenges;- Reports no major challenges in hybrid meetings.  - Indicates a smooth experience.
Additional Thoughts on Hybrid Meetings;Positive but Prefers Remote Meetings;- Views the concept of hybrid meetings positively for cross-country collaboration.  - Personally prefers completely remote meetings.
Suggestions for Improvement;No Specific Suggestions;- Does not have immediate suggestions for enhancing the hybrid meeting experience.
Preferred Meeting Format;Preference for Completely Remote Meetings;- Strongly prefers completely remote meetings over on-site or hybrid formats.